{
  "name": "BGE_M3_n5000000_m4_s42",
  "ks": [
    8,
    40,
    200,
    1000
  ],
  "query_types": [
    "broad",
    "specific",
    "exact",
    "auto_sentence",
    "auto_raw"
  ],
  "results": {
    "0": {
      "recall@8": [
        0.46187499165534973,
        0.5693749785423279,
        0.9518749713897705,
        0.9243749976158142,
        0.9212499856948853
      ],
      "recall@40": [
        0.762499988079071,
        0.8431249856948853,
        0.9962499737739563,
        0.9918749928474426,
        0.9943749904632568
      ],
      "recall@200": [
        0.9406249523162842,
        0.9643749594688416,
        0.9993749856948853,
        0.9993749856948853,
        0.9987499713897705
      ],
      "recall@1000": [
        0.9981249570846558,
        0.9981249570846558,
        1.0,
        1.0,
        1.0
      ],
      "mrr": [
        0.7920345664024353,
        0.868900716304779,
        1.0,
        0.9975000023841858,
        0.9975000023841858
      ]
    },
    "1000": {
      "recall@8": [
        0.41874998807907104,
        0.5224999785423279,
        0.9399999976158142,
        0.9012500047683716,
        0.8999999761581421
      ],
      "recall@40": [
        0.7137500047683716,
        0.8018749952316284,
        0.9956249594688416,
        0.9887499809265137,
        0.9918749928474426
      ],
      "recall@200": [
        0.90625,
        0.9443749785423279,
        0.9993749856948853,
        0.9993749856948853,
        0.9987499713897705
      ],
      "recall@1000": [
        0.9912499785423279,
        0.9943749904632568,
        1.0,
        1.0,
        1.0
      ],
      "mrr": [
        0.7548444867134094,
        0.8353552222251892,
        1.0,
        0.9937499761581421,
        0.9950000047683716
      ]
    },
    "3000": {
      "recall@8": [
        0.3662499785423279,
        0.4756249785423279,
        0.9231249690055847,
        0.8774999976158142,
        0.8743749856948853
      ],
      "recall@40": [
        0.6424999833106995,
        0.7450000047683716,
        0.9937499761581421,
        0.9824999570846558,
        0.9868749976158142
      ],
      "recall@200": [
        0.859375,
        0.9056249856948853,
        0.9987499713897705,
        0.9981249570846558,
        0.9981249570846558
      ],
      "recall@1000": [
        0.9787499904632568,
        0.9887499809265137,
        1.0,
        1.0,
        1.0
      ],
      "mrr": [
        0.7017185688018799,
        0.7844529747962952,
        1.0,
        0.9937499761581421,
        0.9950000047683716
      ]
    },
    "10000": {
      "recall@8": [
        0.28562498092651367,
        0.38874998688697815,
        0.8931249976158142,
        0.840624988079071,
        0.824999988079071
      ],
      "recall@40": [
        0.5181249976158142,
        0.6393749713897705,
        0.9856249690055847,
        0.965624988079071,
        0.9712499976158142
      ],
      "recall@200": [
        0.7556250095367432,
        0.8324999809265137,
        0.9962499737739563,
        0.9925000071525574,
        0.9950000047683716
      ],
      "recall@1000": [
        0.9231249690055847,
        0.953125,
        0.9993749856948853,
        0.9993749856948853,
        0.9987499713897705
      ],
      "mrr": [
        0.6044460535049438,
        0.6946165561676025,
        1.0,
        0.9907142519950867,
        0.9891666769981384
      ]
    },
    "30000": {
      "recall@8": [
        0.2149999886751175,
        0.29499998688697815,
        0.8537499904632568,
        0.7799999713897705,
        0.7674999833106995
      ],
      "recall@40": [
        0.3999999761581421,
        0.5274999737739563,
        0.9731249809265137,
        0.9437499642372131,
        0.9474999904632568
      ],
      "recall@200": [
        0.625,
        0.7299999594688416,
        0.9950000047683716,
        0.9824999570846558,
        0.9862499833106995
      ],
      "recall@1000": [
        0.8274999856948853,
        0.8893749713897705,
        0.9975000023841858,
        0.9975000023841858,
        0.9981249570846558
      ],
      "mrr": [
        0.4725617468357086,
        0.613480806350708,
        0.9975000023841858,
        0.9767045378684998,
        0.9774999618530273
      ]
    },
    "100000": {
      "recall@8": [
        0.13374999165534973,
        0.19749999046325684,
        0.7924999594688416,
        0.6956250071525574,
        0.6943749785423279
      ],
      "recall@40": [
        0.265625,
        0.3868750035762787,
        0.9443749785423279,
        0.8999999761581421,
        0.89124995470047
      ],
      "recall@200": [
        0.47312498092651367,
        0.5893749594688416,
        0.9824999570846558,
        0.9587499499320984,
        0.9668749570846558
      ],
      "recall@1000": [
        0.6924999952316284,
        0.7893750071525574,
        0.9950000047683716,
        0.9868749976158142,
        0.9906249642372131
      ],
      "mrr": [
        0.3176303505897522,
        0.46871715784072876,
        0.9899999499320984,
        0.9483035802841187,
        0.9591547250747681
      ]
    },
    "250000": {
      "recall@8": [
        0.08937499672174454,
        0.1381250023841858,
        0.7387499809265137,
        0.628125011920929,
        0.6131249666213989
      ],
      "recall@40": [
        0.203125,
        0.2874999940395355,
        0.90625,
        0.8306249976158142,
        0.8299999833106995
      ],
      "recall@200": [
        0.35874998569488525,
        0.48374998569488525,
        0.96875,
        0.9356249570846558,
        0.934374988079071
      ],
      "recall@1000": [
        0.5674999952316284,
        0.6768749952316284,
        0.9893749952316284,
        0.9749999642372131,
        0.9781249761581421
      ],
      "mrr": [
        0.22935138642787933,
        0.3666397035121918,
        0.9854167103767395,
        0.9222351908683777,
        0.9219908118247986
      ]
    },
    "500000": {
      "recall@8": [
        0.06624999642372131,
        0.10499999672174454,
        0.6962499618530273,
        0.5687499642372131,
        0.5506249666213989
      ],
      "recall@40": [
        0.14999999105930328,
        0.2224999964237213,
        0.875,
        0.7806249856948853,
        0.78125
      ],
      "recall@200": [
        0.27437499165534973,
        0.398749977350235,
        0.9512499570846558,
        0.9074999690055847,
        0.9012500047683716
      ],
      "recall@1000": [
        0.4781249761581421,
        0.5987499952316284,
        0.9831249713897705,
        0.9587499499320984,
        0.9668749570846558
      ],
      "mrr": [
        0.19171157479286194,
        0.2937621474266052,
        0.9806249737739563,
        0.8958672881126404,
        0.9081705808639526
      ]
    },
    "1000000": {
      "recall@8": [
        0.051249999552965164,
        0.0756249949336052,
        0.6524999737739563,
        0.49937498569488525,
        0.492499977350235
      ],
      "recall@40": [
        0.11124999821186066,
        0.1693750023841858,
        0.8337500095367432,
        0.7293750047683716,
        0.71937495470047
      ],
      "recall@200": [
        0.2224999964237213,
        0.31562498211860657,
        0.9256249666213989,
        0.8606249690055847,
        0.856249988079071
      ],
      "recall@1000": [
        0.38874998688697815,
        0.5143749713897705,
        0.9743749499320984,
        0.9431249499320984,
        0.9456250071525574
      ],
      "mrr": [
        0.1485520303249359,
        0.23794890940189362,
        0.965422511100769,
        0.860623300075531,
        0.8690136671066284
      ]
    },
    "1500000": {
      "recall@8": [
        0.038750000298023224,
        0.06187499687075615,
        0.6312499642372131,
        0.47312498092651367,
        0.46312499046325684
      ],