{
  "name": "Jina_v3_n5000000_m4_s42",
  "ks": [
    8,
    40,
    200,
    1000
  ],
  "query_types": [
    "broad",
    "specific",
    "exact",
    "auto_sentence",
    "auto_raw"
  ],
  "results": {
    "0": {
      "recall@8": [
        0.3818749785423279,
        0.4293749928474426,
        0.7581250071525574,
        0.7337499856948853,
        0.7337499856948853
      ],
      "recall@40": [
        0.6949999928474426,
        0.7256249785423279,
        0.9356249570846558,
        0.92249995470047,
        0.9274999499320984
      ],
      "recall@200": [
        0.9181249737739563,
        0.9243749976158142,
        0.9862499833106995,
        0.9806249737739563,
        0.981249988079071
      ],
      "recall@1000": [
        0.996874988079071,
        0.9950000047683716,
        0.9981249570846558,
        0.9993749856948853,
        0.9993749856948853
      ],
      "mrr": [
        0.7105271816253662,
        0.7337823510169983,
        0.9833332896232605,
        0.9608809351921082,
        0.9620832800865173
      ]
    },
    "1000": {
      "recall@8": [
        0.32749998569488525,
        0.375,
        0.7174999713897705,
        0.6968749761581421,
        0.6899999976158142
      ],
      "recall@40": [
        0.6225000023841858,
        0.6643750071525574,
        0.9156249761581421,
        0.8987500071525574,
        0.9049999713897705
      ],
      "recall@200": [
        0.87562495470047,
        0.8868749737739563,
        0.9824999570846558,
        0.9724999666213989,
        0.9724999666213989
      ],
      "recall@1000": [
        0.984375,
        0.9856249690055847,
        0.9937499761581421,
        0.9956249594688416,
        0.9950000047683716
      ],
      "mrr": [
        0.6506378054618835,
        0.6651239395141602,
        0.9644089937210083,
        0.9377595782279968,
        0.9424247741699219
      ]
    },
    "3000": {
      "recall@8": [
        0.2887499928474426,
        0.328125,
        0.6806249618530273,
        0.6512500047683716,
        0.6493749618530273
      ],
      "recall@40": [
        0.5543749928474426,
        0.5949999690055847,
        0.8837499618530273,
        0.8681249618530273,
        0.8743749856948853
      ],
      "recall@200": [
        0.8156249523162842,
        0.8293749690055847,
        0.9712499976158142,
        0.95374995470047,
        0.9581249952316284
      ],
      "recall@1000": [
        0.9593749642372131,
        0.9668749570846558,
        0.9931249618530273,
        0.9887499809265137,
        0.9912499785423279
      ],
      "mrr": [
        0.5843513607978821,
        0.6252286434173584,
        0.950529932975769,
        0.9200355410575867,
        0.9262459874153137
      ]
    },
    "10000": {
      "recall@8": [
        0.20999999344348907,
        0.25312498211860657,
        0.606249988079071,
        0.5674999952316284,
        0.5674999952316284
      ],
      "recall@40": [
        0.4274999797344208,
        0.4749999940395355,
        0.8299999833106995,
        0.7949999570846558,
        0.7943750023841858
      ],
      "recall@200": [
        0.6931250095367432,
        0.7131249904632568,
        0.934374988079071,
        0.9162499904632568,
        0.9262499809265137
      ],
      "recall@1000": [
        0.9037500023841858,
        0.9099999666213989,
        0.9837499856948853,
        0.9787499904632568,
        0.9768750071525574
      ],
      "mrr": [
        0.48982343077659607,
        0.5471521019935608,
        0.9092569351196289,
        0.8840575814247131,
        0.8797733783721924
      ]
    },
    "30000": {
      "recall@8": [
        0.14749999344348907,
        0.17812499403953552,
        0.5224999785423279,
        0.47312498092651367,
        0.47312498092651367
      ],
      "recall@40": [
        0.31062498688697815,
        0.3631249964237213,
        0.7556250095367432,
        0.7124999761581421,
        0.715624988079071
      ],
      "recall@200": [
        0.5393750071525574,
        0.5743749737739563,
        0.8806250095367432,
        0.85999995470047,
        0.85999995470047
      ],
      "recall@1000": [
        0.7862499952316284,
        0.8068749904632568,
        0.9631249904632568,
        0.9456250071525574,
        0.9468749761581421
      ],
      "mrr": [
        0.3609648048877716,
        0.4263266324996948,
        0.8454810976982117,
        0.8212065696716309,
        0.8156859874725342
      ]
    },
    "100000": {
      "recall@8": [
        0.08999999612569809,
        0.10312499850988388,
        0.421875,
        0.367499977350235,
        0.3668749928474426
      ],
      "recall@40": [
        0.19374999403953552,
        0.23999999463558197,
        0.6431249976158142,
        0.5974999666213989,
        0.5974999666213989
      ],
      "recall@200": [
        0.3737500011920929,
        0.429999977350235,
        0.8056249618530273,
        0.7606250047683716,
        0.7599999904632568
      ],
      "recall@1000": [
        0.6081249713897705,
        0.6449999809265137,
        0.9149999618530273,
        0.8887499570846558,
        0.890625
      ],
      "mrr": [
        0.2652202546596527,
        0.301320344209671,
        0.7643468976020813,
        0.7162125706672668,
        0.7298473715782166
      ]
    },
    "250000": {
      "recall@8": [
        0.05874999985098839,
        0.07249999791383743,
        0.3506249785423279,
        0.29874998331069946,
        0.3006249964237213
      ],
      "recall@40": [
        0.13249999284744263,
        0.17000000178813934,
        0.5525000095367432,
        0.4937499761581421,
        0.4975000023841858
      ],
      "recall@200": [
        0.2712499797344208,
        0.3181249797344208,
        0.7249999642372131,
        0.6825000047683716,
        0.6856249570846558
      ],
      "recall@1000": [
        0.4762499928474426,
        0.518750011920929,
        0.8518750071525574,
        0.8181250095367432,
        0.8199999928474426
      ],
      "mrr": [
        0.1877213567495346,
        0.22927072644233704,
        0.7008587718009949,
        0.6345087885856628,
        0.6440409421920776
      ]
    },
    "500000": {
      "recall@8": [
        0.04062499850988388,
        0.051874998956918716,
        0.2887499928474426,
        0.25062498450279236,
        0.25874999165534973
      ],
      "recall@40": [
        0.09937499463558197,
        0.12312499433755875,
        0.4724999964237213,
        0.41749998927116394,
        0.41999998688697815
      ],
      "recall@200": [
        0.19999998807907104,
        0.25,
        0.6618750095367432,
        0.6106249690055847,
        0.6131249666213989
      ],
      "recall@1000": [
        0.3787499964237213,
        0.4312499761581421,
        0.8100000023841858,
        0.7637499570846558,
        0.7631250023841858
      ],
      "mrr": [
        0.1309046894311905,
        0.17267990112304688,
        0.6528832912445068,
        0.5773367285728455,
        0.5834712386131287
      ]
    },
    "1000000": {
      "recall@8": [
        0.02812499925494194,
        0.03687499836087227,
        0.24124999344348907,
        0.20749999582767487,
        0.21124999225139618
      ],
      "recall@40": [
        0.06875000149011612,
        0.08624999970197678,
        0.4087499976158142,
        0.34812498092651367,
        0.351874977350235
      ],
      "recall@200": [
        0.15062499046325684,
        0.18812499940395355,
        0.5824999809265137,
        0.5374999642372131,
        0.5318750143051147
      ],
      "recall@1000": [
        0.30124998092651367,
        0.3487499952316284,
        0.7518749833106995,
        0.7056249976158142,
        0.7112500071525574
      ],
      "mrr": [
        0.08556347340345383,
        0.12388793379068375,
        0.5843819379806519,
        0.5069770812988281,
        0.5121955275535583
      ]
    },