{
  "name": "Qwen8b_n5000000_m4_s42",
  "ks": [
    8,
    40,
    200,
    1000
  ],
  "query_types": [
    "broad",
    "specific",
    "exact",
    "auto_sentence",
    "auto_raw"
  ],
  "results": {
    "0": {
      "recall@8": [
        0.6106249690055847,
        0.6825000047683716,
        0.8731249570846558,
        0.8687499761581421,
        0.8624999523162842
      ],
      "recall@40": [
        0.8993749618530273,
        0.9331249594688416,
        0.9899999499320984,
        0.9874999523162842,
        0.9881249666213989
      ],
      "recall@200": [
        0.9893749952316284,
        0.9912499785423279,
        0.9981249570846558,
        0.9975000023841858,
        0.9981249570846558
      ],
      "recall@1000": [
        0.9987499713897705,
        0.9993749856948853,
        1.0,
        1.0,
        1.0
      ],
      "mrr": [
        0.9007222056388855,
        0.9442708492279053,
        0.9975000023841858,
        0.9899999499320984,
        0.9899999499320984
      ]
    },
    "1000": {
      "recall@8": [
        0.5618749856948853,
        0.6343749761581421,
        0.8418749570846558,
        0.8362500071525574,
        0.8337500095367432
      ],
      "recall@40": [
        0.8637499809265137,
        0.9012500047683716,
        0.9868749976158142,
        0.9799999594688416,
        0.981249988079071
      ],
      "recall@200": [
        0.9743749499320984,
        0.9862499833106995,
        0.996874988079071,
        0.996874988079071,
        0.9975000023841858
      ],
      "recall@1000": [
        0.9975000023841858,
        0.9993749856948853,
        1.0,
        1.0,
        1.0
      ],
      "mrr": [
        0.85819011926651,
        0.9202935695648193,
        0.9950000047683716,
        0.9866666793823242,
        0.9874999523162842
      ]
    },
    "3000": {
      "recall@8": [
        0.5112499594688416,
        0.5843749642372131,
        0.8118749856948853,
        0.8050000071525574,
        0.7987499833106995
      ],
      "recall@40": [
        0.8162499666213989,
        0.8687499761581421,
        0.9774999618530273,
        0.9712499976158142,
        0.9699999690055847
      ],
      "recall@200": [
        0.9543749690055847,
        0.9724999666213989,
        0.9937499761581421,
        0.9943749904632568,
        0.9962499737739563
      ],
      "recall@1000": [
        0.9950000047683716,
        0.9975000023841858,
        0.9993749856948853,
        0.9993749856948853,
        0.9993749856948853
      ],
      "mrr": [
        0.8195256590843201,
        0.8954505920410156,
        0.9916666746139526,
        0.98416668176651,
        0.9816666841506958
      ]
    },
    "10000": {
      "recall@8": [
        0.41624999046325684,
        0.48499998450279236,
        0.7562499642372131,
        0.7487499713897705,
        0.731249988079071
      ],
      "recall@40": [
        0.703125,
        0.7837499976158142,
        0.9481250047683716,
        0.9443749785423279,
        0.9362499713897705
      ],
      "recall@200": [
        0.8999999761581421,
        0.9274999499320984,
        0.9887499809265137,
        0.98499995470047,
        0.9856249690055847
      ],
      "recall@1000": [
        0.9837499856948853,
        0.9906249642372131,
        0.9981249570846558,
        0.9975000023841858,
        0.9981249570846558
      ],
      "mrr": [
        0.7473585605621338,
        0.8347809910774231,
        0.9829167127609253,
        0.9599999785423279,
        0.9666666984558105
      ]
    },
    "30000": {
      "recall@8": [
        0.3125,
        0.38499999046325684,
        0.6825000047683716,
        0.6549999713897705,
        0.6506249904632568
      ],
      "recall@40": [
        0.5818749666213989,
        0.6637499928474426,
        0.9056249856948853,
        0.8999999761581421,
        0.8893749713897705
      ],
      "recall@200": [
        0.8031249642372131,
        0.8574999570846558,
        0.9743749499320984,
        0.9699999690055847,
        0.9681249856948853
      ],
      "recall@1000": [
        0.9406249523162842,
        0.9637500047683716,
        0.9925000071525574,
        0.9931249618530273,
        0.9943749904632568
      ],
      "mrr": [
        0.6529751420021057,
        0.7462093234062195,
        0.9618332982063293,
        0.9359166622161865,
        0.92679762840271
      ]
    },
    "100000": {
      "recall@8": [
        0.19999998807907104,
        0.29374998807907104,
        0.5799999833106995,
        0.5381249785423279,
        0.5181249976158142
      ],
      "recall@40": [
        0.4287499785423279,
        0.5106250047683716,
        0.8187499642372131,
        0.8112499713897705,
        0.8018749952316284
      ],
      "recall@200": [
        0.6543749570846558,
        0.737500011920929,
        0.9337499737739563,
        0.9287499785423279,
        0.9237499833106995
      ],
      "recall@1000": [
        0.856249988079071,
        0.8993749618530273,
        0.98499995470047,
        0.9774999618530273,
        0.9799999594688416
      ],
      "mrr": [
        0.5267817378044128,
        0.6304851174354553,
        0.9124583005905151,
        0.8637488484382629,
        0.8501914739608765
      ]
    },
    "250000": {
      "recall@8": [
        0.1431249976158142,
        0.22062499821186066,
        0.4918749928474426,
        0.4443749785423279,
        0.42624998092651367
      ],
      "recall@40": [
        0.30812498927116394,
        0.40562498569488525,
        0.7400000095367432,
        0.7149999737739563,
        0.7018749713897705
      ],
      "recall@200": [
        0.5324999690055847,
        0.6225000023841858,
        0.8818749785423279,
        0.8774999976158142,
        0.8731249570846558
      ],
      "recall@1000": [
        0.7543749809265137,
        0.8187499642372131,
        0.9612500071525574,
        0.9568749666213989,
        0.949999988079071
      ],
      "mrr": [
        0.43112483620643616,
        0.5339647531509399,
        0.8565475940704346,
        0.7900221943855286,
        0.7677853107452393
      ]
    },
    "500000": {
      "recall@8": [
        0.11749999970197678,
        0.17937499284744263,
        0.421875,
        0.375,
        0.3556250035762787
      ],
      "recall@40": [
        0.2381249964237213,
        0.328125,
        0.6649999618530273,
        0.6324999928474426,
        0.6106249690055847
      ],
      "recall@200": [
        0.4443749785423279,
        0.5356249809265137,
        0.8349999785423279,
        0.8224999904632568,
        0.8162499666213989
      ],
      "recall@1000": [
        0.6606249809265137,
        0.7437499761581421,
        0.9356249570846558,
        0.9281249642372131,
        0.9262499809265137
      ],
      "mrr": [
        0.36255988478660583,
        0.4627872407436371,
        0.803542971611023,
        0.7271371483802795,
        0.7148392796516418
      ]
    },
    "1000000": {
      "recall@8": [
        0.08874999731779099,
        0.1393750011920929,
        0.359375,
        0.3087500035762787,
        0.29124999046325684
      ],
      "recall@40": [
        0.17749999463558197,
        0.2593750059604645,
        0.5931249856948853,
        0.5418750047683716,
        0.5274999737739563
      ],
      "recall@200": [
        0.34312498569488525,
        0.43812498450279236,
        0.7693749666213989,
        0.7518749833106995,
        0.7493749856948853
      ],
      "recall@1000": [
        0.5718749761581421,
        0.6512500047683716,
        0.9012500047683716,
        0.8956249952316284,
        0.8899999856948853
      ],
      "mrr": [
        0.28100475668907166,
        0.38577261567115784,
        0.7379480600357056,
        0.644145667552948,
        0.6350207328796387
      ]
    },
    "1500000": {
      "recall@8": [
        0.07437499612569809,
        0.11937499791383743,
        0.3199999928474426,
        0.27687498927116394,
        0.26249998807907104
      ],