{
  "name": "Qwen0.6b_n5000000_m4_s42",
  "ks": [
    8,
    40,
    200,
    1000
  ],
  "query_types": [
    "broad",
    "specific",
    "exact",
    "auto_sentence",
    "auto_raw"
  ],
  "results": {
    "0": {
      "recall@8": [
        0.359375,
        0.43687498569488525,
        0.8318749666213989,
        0.8062499761581421,
        0.8149999976158142
      ],
      "recall@40": [
        0.6800000071525574,
        0.7581250071525574,
        0.9681249856948853,
        0.96875,
        0.9706249833106995
      ],
      "recall@200": [
        0.9168750047683716,
        0.9293749928474426,
        0.996874988079071,
        0.9956249594688416,
        0.9943749904632568
      ],
      "recall@1000": [
        0.9962499737739563,
        0.9993749856948853,
        1.0,
        1.0,
        1.0
      ],
      "mrr": [
        0.7108844518661499,
        0.766141951084137,
        0.98416668176651,
        0.9866666793823242,
        0.9874999523162842
      ]
    },
    "1000": {
      "recall@8": [
        0.32999998331069946,
        0.3918749988079071,
        0.8112499713897705,
        0.7743749618530273,
        0.7787500023841858
      ],
      "recall@40": [
        0.609375,
        0.6987499594688416,
        0.9612500071525574,
        0.9562499523162842,
        0.9562499523162842
      ],
      "recall@200": [
        0.8762499690055847,
        0.8987500071525574,
        0.9912499785423279,
        0.9893749952316284,
        0.9899999499320984
      ],
      "recall@1000": [
        0.9856249690055847,
        0.9881249666213989,
        1.0,
        0.9993749856948853,
        0.9993749856948853
      ],
      "mrr": [
        0.6529514193534851,
        0.7113776803016663,
        0.9808333516120911,
        0.9816666841506958,
        0.98499995470047
      ]
    },
    "3000": {
      "recall@8": [
        0.2787500023841858,
        0.34062498807907104,
        0.7806249856948853,
        0.7393749952316284,
        0.7362499833106995
      ],
      "recall@40": [
        0.5349999666213989,
        0.621874988079071,
        0.9487499594688416,
        0.934374988079071,
        0.9406249523162842
      ],
      "recall@200": [
        0.8087499737739563,
        0.8518750071525574,
        0.98499995470047,
        0.9856249690055847,
        0.98499995470047
      ],
      "recall@1000": [
        0.965624988079071,
        0.9718749523162842,
        1.0,
        0.9993749856948853,
        0.9987499713897705
      ],
      "mrr": [
        0.5890966057777405,
        0.6671557426452637,
        0.9783333539962769,
        0.9733333587646484,
        0.9724999666213989
      ]
    },
    "10000": {
      "recall@8": [
        0.2056249976158142,
        0.26874998211860657,
        0.7243750095367432,
        0.6674999594688416,
        0.6706249713897705
      ],
      "recall@40": [
        0.4231249988079071,
        0.5018749833106995,
        0.9168750047683716,
        0.8899999856948853,
        0.8981249928474426
      ],
      "recall@200": [
        0.6762499809265137,
        0.7574999928474426,
        0.9681249856948853,
        0.9649999737739563,
        0.96875
      ],
      "recall@1000": [
        0.8943749666213989,
        0.9149999618530273,
        0.9943749904632568,
        0.9931249618530273,
        0.9943749904632568
      ],
      "mrr": [
        0.491671621799469,
        0.5728235244750977,
        0.9729167222976685,
        0.9470833539962769,
        0.9480833411216736
      ]
    },
    "30000": {
      "recall@8": [
        0.14000000059604645,
        0.1912499964237213,
        0.6443749666213989,
        0.5931249856948853,
        0.5849999785423279
      ],
      "recall@40": [
        0.30562499165534973,
        0.3762499988079071,
        0.8587499856948853,
        0.8268749713897705,
        0.8256250023841858
      ],
      "recall@200": [
        0.515625,
        0.6112499833106995,
        0.9462499618530273,
        0.9318749904632568,
        0.9368749856948853
      ],
      "recall@1000": [
        0.778124988079071,
        0.8293749690055847,
        0.9831249713897705,
        0.981249988079071,
        0.9831249713897705
      ],
      "mrr": [
        0.37771904468536377,
        0.4599401652812958,
        0.9499679207801819,
        0.9088833332061768,
        0.8968012928962708
      ]
    },
    "100000": {
      "recall@8": [
        0.08562500029802322,
        0.12999999523162842,
        0.550000011920929,
        0.46875,
        0.46812498569488525
      ],
      "recall@40": [
        0.19062499701976776,
        0.25187498331069946,
        0.7712500095367432,
        0.7118749618530273,
        0.7137500047683716
      ],
      "recall@200": [
        0.375,
        0.44749999046325684,
        0.8956249952316284,
        0.8662499785423279,
        0.8687499761581421
      ],
      "recall@1000": [
        0.590624988079071,
        0.6837499737739563,
        0.9593749642372131,
        0.9524999856948853,
        0.953125
      ],
      "mrr": [
        0.2607871890068054,
        0.33456575870513916,
        0.8932361602783203,
        0.833555281162262,
        0.8163173198699951
      ]
    },
    "250000": {
      "recall@8": [
        0.05874999985098839,
        0.08749999850988388,
        0.46312499046325684,
        0.39249998331069946,
        0.3799999952316284
      ],
      "recall@40": [
        0.12812499701976776,
        0.17687499523162842,
        0.6887499690055847,
        0.6187499761581421,
        0.6256250143051147
      ],
      "recall@200": [
        0.26874998211860657,
        0.32749998569488525,
        0.840624988079071,
        0.7956249713897705,
        0.7987499833106995
      ],
      "recall@1000": [
        0.4593749940395355,
        0.5456249713897705,
        0.9325000047683716,
        0.9112499952316284,
        0.9143750071525574
      ],
      "mrr": [
        0.1795836240053177,
        0.258513867855072,
        0.8373247981071472,
        0.7704563736915588,
        0.7425056099891663
      ]
    },
    "500000": {
      "recall@8": [
        0.041874997317790985,
        0.05874999985098839,
        0.4012500047683716,
        0.3218750059604645,
        0.3181249797344208
      ],
      "recall@40": [
        0.08937499672174454,
        0.1418749988079071,
        0.6256250143051147,
        0.5475000143051147,
        0.5462499856948853
      ],
      "recall@200": [
        0.19499999284744263,
        0.2574999928474426,
        0.7856249809265137,
        0.7281249761581421,
        0.7256249785423279
      ],
      "recall@1000": [
        0.3806249797344208,
        0.453125,
        0.8974999785423279,
        0.8681249618530273,
        0.8725000023841858
      ],
      "mrr": [
        0.12985743582248688,
        0.1898086816072464,
        0.7829999923706055,
        0.6965532302856445,
        0.6648086905479431
      ]
    },
    "1000000": {
      "recall@8": [
        0.029374999925494194,
        0.044999998062849045,
        0.3425000011920929,
        0.2631250023841858,
        0.2681249976158142
      ],
      "recall@40": [
        0.06749999523162842,
        0.09999999403953552,
        0.5487499833106995,
        0.4587499797344208,
        0.4743749797344208
      ],
      "recall@200": [
        0.14562499523162842,
        0.1993749886751175,
        0.7181249856948853,
        0.6468749642372131,
        0.6499999761581421
      ],
      "recall@1000": [
        0.28999999165534973,
        0.3556250035762787,
        0.8581249713897705,
        0.8237499594688416,
        0.8212499618530273
      ],
      "mrr": [
        0.0939721092581749,
        0.13288921117782593,
        0.7144758701324463,
        0.6205659508705139,
        0.5960720777511597
      ]
    },
    "1500000": {
      "recall@8": [
        0.02187499962747097,
        0.039374999701976776,
        0.3062500059604645,
        0.2331250011920929,
        0.234375
      ],