{
  "name": "Snowflake_v2_n5000000_m4_s42",
  "ks": [
    8,
    40,
    200,
    1000
  ],
  "query_types": [
    "broad",
    "specific",
    "exact",
    "auto_sentence",
    "auto_raw"
  ],
  "results": {
    "0": {
      "recall@8": [
        0.5674999952316284,
        0.6793749928474426,
        0.9668749570846558,
        0.9593749642372131,
        0.96937495470047
      ],
      "recall@40": [
        0.8581249713897705,
        0.9174999594688416,
        0.9981249570846558,
        0.9937499761581421,
        0.9981249570846558
      ],
      "recall@200": [
        0.96875,
        0.9862499833106995,
        0.9993749856948853,
        0.9993749856948853,
        0.9993749856948853
      ],
      "recall@1000": [
        1.0,
        1.0,
        1.0,
        1.0,
        1.0
      ],
      "mrr": [
        0.9005512595176697,
        0.9449583292007446,
        1.0,
        1.0,
        1.0
      ]
    },
    "1000": {
      "recall@8": [
        0.5231249928474426,
        0.640625,
        0.9599999785423279,
        0.9506250023841858,
        0.9593749642372131
      ],
      "recall@40": [
        0.8181250095367432,
        0.890625,
        0.9962499737739563,
        0.9931249618530273,
        0.996874988079071
      ],
      "recall@200": [
        0.9493749737739563,
        0.9799999594688416,
        0.9993749856948853,
        0.9993749856948853,
        0.9993749856948853
      ],
      "recall@1000": [
        0.9975000023841858,
        0.9993749856948853,
        1.0,
        0.9993749856948853,
        0.9993749856948853
      ],
      "mrr": [
        0.8690197467803955,
        0.9203124642372131,
        1.0,
        1.0,
        1.0
      ]
    },
    "3000": {
      "recall@8": [
        0.47874999046325684,
        0.5943750143051147,
        0.9506250023841858,
        0.9393749833106995,
        0.9493749737739563
      ],
      "recall@40": [
        0.7693749666213989,
        0.8549999594688416,
        0.9937499761581421,
        0.9906249642372131,
        0.9943749904632568
      ],
      "recall@200": [
        0.9174999594688416,
        0.965624988079071,
        0.9993749856948853,
        0.9981249570846558,
        0.9993749856948853
      ],
      "recall@1000": [
        0.9918749928474426,
        0.9962499737739563,
        0.9993749856948853,
        0.9993749856948853,
        0.9993749856948853
      ],
      "mrr": [
        0.8365479111671448,
        0.8956552743911743,
        1.0,
        1.0,
        1.0
      ]
    },
    "10000": {
      "recall@8": [
        0.40187498927116394,
        0.5131250023841858,
        0.9274999499320984,
        0.9087499976158142,
        0.9206249713897705
      ],
      "recall@40": [
        0.6674999594688416,
        0.7756249904632568,
        0.9925000071525574,
        0.9868749976158142,
        0.9912499785423279
      ],
      "recall@200": [
        0.85999995470047,
        0.9181249737739563,
        0.9981249570846558,
        0.9937499761581421,
        0.9975000023841858
      ],
      "recall@1000": [
        0.9662500023841858,
        0.9868749976158142,
        0.9993749856948853,
        0.9993749856948853,
        0.9993749856948853
      ],
      "mrr": [
        0.7610775828361511,
        0.8538888096809387,
        1.0,
        0.9975000023841858,
        0.9975000023841858
      ]
    },
    "30000": {
      "recall@8": [
        0.30562499165534973,
        0.4193750023841858,
        0.9006249904632568,
        0.8656249642372131,
        0.8837499618530273
      ],
      "recall@40": [
        0.550000011920929,
        0.6674999594688416,
        0.9856249690055847,
        0.9756249785423279,
        0.9781249761581421
      ],
      "recall@200": [
        0.7649999856948853,
        0.8487499952316284,
        0.9937499761581421,
        0.9906249642372131,
        0.9943749904632568
      ],
      "recall@1000": [
        0.9074999690055847,
        0.9581249952316284,
        0.9987499713897705,
        0.9962499737739563,
        0.9987499713897705
      ],
      "mrr": [
        0.6344590783119202,
        0.7854676842689514,
        1.0,
        0.9941666722297668,
        0.9941666722297668
      ]
    },
    "100000": {
      "recall@8": [
        0.20999999344348907,
        0.3162499964237213,
        0.8493750095367432,
        0.7993749976158142,
        0.8224999904632568
      ],
      "recall@40": [
        0.4037500023841858,
        0.5406249761581421,
        0.9624999761581421,
        0.949999988079071,
        0.9618749618530273
      ],
      "recall@200": [
        0.6243749856948853,
        0.734375,
        0.9893749952316284,
        0.98499995470047,
        0.9887499809265137
      ],
      "recall@1000": [
        0.8187499642372131,
        0.8831250071525574,
        0.9975000023841858,
        0.9925000071525574,
        0.9962499737739563
      ],
      "mrr": [
        0.48624563217163086,
        0.6728687882423401,
        0.9975000023841858,
        0.9758333563804626,
        0.9799999594688416
      ]
    },
    "250000": {
      "recall@8": [
        0.15625,
        0.23874999582767487,
        0.7981249690055847,
        0.7381249666213989,
        0.7512499690055847
      ],
      "recall@40": [
        0.30812498927116394,
        0.43812498450279236,
        0.9462499618530273,
        0.9181249737739563,
        0.9368749856948853
      ],
      "recall@200": [
        0.5006250143051147,
        0.6299999952316284,
        0.9831249713897705,
        0.9681249856948853,
        0.9749999642372131
      ],
      "recall@1000": [
        0.7093749642372131,
        0.8062499761581421,
        0.9931249618530273,
        0.9887499809265137,
        0.9931249618530273
      ],
      "mrr": [
        0.3913368880748749,
        0.5559698343276978,
        0.9925000071525574,
        0.9583213329315186,
        0.9592500329017639
      ]
    },
    "500000": {
      "recall@8": [
        0.11562499403953552,
        0.19374999403953552,
        0.7537499666213989,
        0.6762499809265137,
        0.6931250095367432
      ],
      "recall@40": [
        0.24312499165534973,
        0.36124998331069946,
        0.9193750023841858,
        0.8837499618530273,
        0.90687495470047
      ],
      "recall@200": [
        0.4112499952316284,
        0.5525000095367432,
        0.9674999713897705,
        0.9512499570846558,
        0.9643749594688416
      ],
      "recall@1000": [
        0.6293749809265137,
        0.73499995470047,
        0.9893749952316284,
        0.984375,
        0.9887499809265137
      ],
      "mrr": [
        0.3391144871711731,
        0.49069228768348694,
        0.9899999499320984,
        0.9460476636886597,
        0.9502856731414795
      ]
    },
    "1000000": {
      "recall@8": [
        0.09187499433755875,
        0.15562500059604645,
        0.706250011920929,
        0.6137499809265137,
        0.6299999952316284
      ],
      "recall@40": [
        0.18124999105930328,
        0.2918750047683716,
        0.890625,
        0.8362500071525574,
        0.8650000095367432
      ],
      "recall@200": [
        0.3337499797344208,
        0.4699999988079071,
        0.95374995470047,
        0.9293749928474426,
        0.9506250023841858
      ],
      "recall@1000": [
        0.5349999666213989,
        0.6556249856948853,
        0.9856249690055847,
        0.9706249833106995,
        0.9768750071525574
      ],
      "mrr": [
        0.27672186493873596,
        0.40828603506088257,
        0.9820833206176758,
        0.9082316160202026,
        0.9100100994110107
      ]
    },
    "1500000": {
      "recall@8": [
        0.07437499612569809,
        0.13625000417232513,
        0.6793749928474426,
        0.5824999809265137,
        0.6037499904632568
      ],
      "recall@40": [
        0.16062499582767487,
        0.25062498450279236,
        0.8687499761581421,
        0.8081249594688416,
        0.8331249952316284
      ],